today,total,netProfit,percentageProfit,netCash
2020-11-26,10638.765039330101,2386.3666383301,0.22430861378252268,1600.0001441891231